000webhost.com.,suffix
3docean.net.,suffix
6sense.com.,suffix
a.trellocdn.com.,suffix
a2zapk.com.,suffix
a2zupload.com.,suffix
aapanel.com.,suffix
abc.com.,suffix
abusix.com.,suffix
accounts.epicgames.com.,suffix
accounts.google.com.,suffix
aclanthology.org.,suffix
acloud.guru.,suffix
acloudguru.com.,suffix
activision.com.,suffix
adnxs.com.,suffix
adobe.com.,suffix
adobeexchange.com.,suffix
adobelogin.com.,suffix
ads-twitter.com.,suffix
ads.google.com.,suffix
adservice.google.com.,suffix
adsrvr.org.,suffix
adsymptotic.com.,suffix
ai.google.,suffix
ai.google.com.,suffix
akagtm.org.,suffix
akahost.net.,suffix
akam.net.,suffix
akamai.com.,suffix
akamai.net.,suffix
akamaiedge-staging.net.,suffix
akamaiedge.net.,suffix
akamaientrypoint.net.,suffix
akamaihd.net.,suffix
akamaistream.net.,suffix
akamaitech.net.,suffix
akamaitechnologies.com.,suffix
akamaitechnologies.fr.,suffix
akamaized.net.,suffix
akasecure.net.,suffix
akismet.com.,suffix
alexa.com.,suffix
algolia.com.,suffix
algolia.net.,suffix
algolianet.com.,suffix
alibaba.com.,suffix
alicdn.com.,suffix
alldatasheet.com.,suffix
alldebrid.com.,suffix
almalinux.org.,suffix
alpinelinux.org.,suffix
altera.com.,suffix
altn.com.,suffix
amazeservice.net.,suffix
amazon-adsystem.com.,suffix
amazon.co.uk.,suffix
amazon.com.,suffix
amazonaws.com.,suffix
amazonvideo.com.,suffix
amazoon.com.,suffix
amd.com.,suffix
amp.dev.,suffix
amplitude.com.,suffix
anaconda.org.,suffix
analytics-alv.google.com.,suffix
analytics.google.com.,suffix
anchor.fm.,suffix
android.com.,suffix
androidstudio.googleblog.com.,suffix
angularjs.org.,suffix
ansible.com.,suffix
ant.design.,suffix
anydesk.com.,suffix
apache.org.,suffix
api-iam.intercom.io.,suffix
api.amadeus.com.,suffix
api.areama.net.,suffix
api.binance.com.,suffix
api.bitbucket.org.,suffix
api.coincap.io.,suffix
api.crocoblock.com.,suffix
api.daily.dev.,suffix
api.franzinfra.com.,suffix
api.nowpayments.io.,suffix
api.sendinblue.com.,suffix
apis.google.com.,suffix
apkcombo.com.,suffix
apkmirror.com.,suffix
apkpure.com.,suffix
app.imagify.io.,suffix
app.netdata.cloud.,suffix
appengine.google.com.,suffix
apple.com.,suffix
apps.admob.com.,suffix
appspot.com.,suffix
arcgis.com.,suffix
arenanetworks.com.,suffix
artbees.net.,suffix
atlassian.com.,suffix
atlassian.net.,suffix
audiojungle.net.,suffix
audiorelay.net.,suffix
auth0.com.,suffix
autom8n.com.,suffix
automation.mihanwebhost.com.,suffix
aws.amazon.com.,suffix
awsstatic.com.,suffix
axocdn.com.,suffix
azul.com.,suffix
azure.com.,suffix
b4x.com.,suffix
backup.ninja.,suffix
baeldung.com.,suffix
balena.io.,suffix
battle.net.,suffix
battlecode.org.,suffix
battlefield.com.,suffix
battlefieldtracker.com.,suffix
bazel.build.,suffix
bc.googleusercontent.com.,suffix
bdthemes.com.,suffix
beinsportsconnect.net.,suffix
beinsportsconnect.tv.,suffix
bestbuy.com.,suffix
bigbluebutton.org.,suffix
binance.com.,suffix
bintray.com.,suffix
bit.dev.,suffix
bit.ly.,suffix
bitbucket.io.,suffix
bitbucket.org.,suffix
bitly.com.,suffix
bitsrc.io.,suffix
bitvise.com.,suffix
bitvision.app.,suffix
blinkbox.com.,suffix
blockchain.com.,suffix
blockchain.info.,suffix
blockstream.info.,suffix
bluemix.net.,suffix
bold-themes.com.,suffix
bonbast.com.,suffix
books.google.com.,suffix
bootstrapcdn.com.,suffix
bootswatch.com.,suffix
branch.io.,suffix
bricksbuilder.io.,suffix
brightcove.com.,suffix
broadcom.com.,suffix
browserstack.com.,suffix
bsigroup.com.,suffix
btc-eu.f2pool.com.,suffix
btc-us.f2pool.com.,suffix
btc.f2pool.com.,suffix
bugsnag.com.,suffix
build.envato.com.,suffix
bungie.com.,suffix
bungie.net.,suffix
bungiefoundation.org.,suffix
business.google.com.,suffix
bydiscourse.com.,suffix
c9.io.,suffix
caddy.community.,suffix
caddyserver.com.,suffix
calleapearce.com.au.,suffix
casalemedia.com.,suffix
cbeci.org.,suffix
cbs.com.,suffix
ccleaner.com.,suffix
cdn.ispsystem.com.,suffix
cdn.jsdelivr.net.,suffix
cdn.mxpnl.com.,suffix
cdn.polyfill.io.,suffix
cdn.shortpixel.ai.,suffix
cdnpk.net.,suffix
cdw.ca.,suffix
centos.org.,suffix
cgaxis.com.,suffix
cgtrader.com.,suffix
chaquo.com.,suffix
chat.google.com.,suffix
chat.openai.com.,suffix
chat.openai.com.cdn.cloudflare.net.,suffix
chatgptonline.net.,suffix
check-host.net.,suffix
chocolatey.org.,suffix
chromium.org.,suffix
cirros-cloud.net.,suffix
cisco.com.,suffix
clamav.com.,suffix
clamav.net.,suffix
clarity.ms.,suffix
classroom.google.com.,suffix
clients.google.com.,suffix
clients2.google.com.,suffix
clients6.google.com.,suffix
cljdoc.org.,suffix
cloud.google.com.,suffix
cloud.openshift.com.,suffix
cloud.withgoogle.com.,suffix
cloudapp.net.,suffix
cloudbees.com.,suffix
cloudera.com.,suffix
cloudflare-dns.com.,suffix
cloudflare.com.,suffix
cloudflareinsights.com.,suffix
cloudflarestatus.com.,suffix
cloudfront.net.,suffix
cloudfunctions.net.,suffix
cloudinary.com.,suffix
cnet.com.,suffix
cocalc.com.,suffix
code.google.com.,suffix
code.jquery.com.,suffix
code.videolan.org.,suffix
codecanyon.net.,suffix
codecov.io.,suffix
codegrepper.com.,suffix
codepen.io.,suffix
codesandbox.io.,suffix
codewithmosh.com.,suffix
codex.cs.yale.edu.,suffix
coin360.com.,suffix
coinbase.com.,suffix
compiles.overleaf.com.,suffix
comsol.com.,suffix
conan.io.,suffix
conikal.com.,suffix
connect.redhat.com.,suffix
constantcontact.com.,suffix
consul.io.,suffix
convertio.co.,suffix
convertio.me.,suffix
cookielaw.org.,suffix
coreldraw.com.,suffix
count.ly.,suffix
coursehero.com.,suffix
coursera-apps.org.,suffix
coursera.com.,suffix
coursera.org.,suffix
cover-addict.com.,suffix
cp.maxcdn.com.,suffix
cpanel.net.,suffix
cppstories.com.,suffix
crackle.com.,suffix
crashlytics.com.,suffix
creativecloud.adobe.com.,suffix
creativemarket.com.,suffix
criteo.com.,suffix
crtv.mk.,suffix
crunchyroll.com.,suffix
crwdcntrl.net.,suffix
crybit.com.,suffix
csb.app.,suffix
ctctcdn.com.,suffix
curd.io.,suffix
curl.haxx.se.,suffix
curl.se.,suffix
cwtv.com.,suffix
cybrary.it.,suffix
dart.dev.,suffix
dartlang.org.,suffix
dartpad.dev.,suffix
dashboardpack.com.,suffix
datacamp.com.,suffix
datastudio.google.com.,suffix
daz3d.com.,suffix
debian.org.,suffix
dedicatedpanel.com.,suffix
deepmind.com.,suffix
dell.com.,suffix
dellcdn.com.,suffix
delltechnologies.com.,suffix
demandbase.com.,suffix
demdex.net.,suffix
demo.phlox.pro.,suffix
deno.land.,suffix
deployer.org.,suffix
design.google.com.,suffix
dev.mysql.com.,suffix
dev.to.,suffix
developer.android.com.,suffix
developer.chrome.com.,suffix
developer.com.,suffix
developer.google.com.,suffix
developer.samsung.com.,suffix
developers.google.com.,suffix
diamonddemo.ir.,suffix
digikey.com.,suffix
digitalocean.com.,suffix
discord.com.,suffix
disney.com.,suffix
disneyjunior.com.,suffix
djangoproject.com.,suffix
dl-ssl.google.com.,suffix
dl.google.com.,suffix
dlang.org.,suffix
dlsdm.com.,suffix
dns.google.,suffix
dns.google.com.,suffix
doc.vmware.com.,suffix
docker.com.,suffix
docker.elastic.co.,suffix
docker.i.,suffix
docker.io.,suffix
docs.datastax.com.,suffix
docs.telerik.com.,suffix
dodi-repacks.site.,suffix
dogechain.info.,suffix
domainnameapi.com.,suffix
domains.google.com.,suffix
dot.tk.,suffix
doubleclick.net.,suffix
doubleclickbygoogle.com.,suffix
downduck.com.,suffix
download-1.xyz.,suffix
download-2.xyz.,suffix
download.01.org.,suffix
download.maxmind.com.,suffix
download.oracle.com.,suffix
download.unity3d.com.,suffix
download.virtualbox.org.,suffix
download.visualstudio.microsoft.com.,suffix
downloads.sentry-cdn.com.,suffix
drift.com.,suffix
driftcdn.com.,suffix
dropboxapi.com.,suffix
dshield.org.,suffix
dyn.com.,suffix
dyncdn.me.,suffix
dynect.net.,suffix
dynstatus.com.,suffix
ea.com.,suffix
earthengine.google.com.,suffix
ebay.com.,suffix
ebayimg.com.,suffix
ebaystatic.com.,suffix
edelivery.oracle.com.,suffix
edgecastcdn.net.,suffix
edgekey.net.,suffix
edgesuite.net.,suffix
edx.org.,suffix
eep.io.,suffix
elastic.co.,suffix
elegantflyer.com.,suffix
element14.com.,suffix
elementor.com.,suffix
elements.envato.com.,suffix
eloqua.com.,suffix
emc.com.,suffix
en.miui.com.,suffix
en25.com.,suffix
enterprisedb.com.,suffix
envato-static.com.,suffix
envato.com.,suffix
envato.market.,suffix
envatousercontent.com.,suffix
epicgames.com.,suffix
eset.com.,suffix
eslint.org.,suffix
etsy.com.,suffix
evat.ir.,suffix
events.google.com.,suffix
exams.cpanel.net.,suffix
exceedlms.com.,suffix
exodus.io.,suffix
explainshell.com.,suffix
expo.dev.,suffix
expo.io.,suffix
expressjs.com.,suffix
extremeloading.com.,suffix
f-secure.com.,suffix
f2pool.com.,suffix
fabric.io.,suffix
fastly-analytics.com.,suffix
fastly-debug.com.,suffix
fastly-insights.com.,suffix
fastly-status.com.,suffix
fastly.com.,suffix
fastly.io.,suffix
fastly.net.,suffix
fastlydns.net.,suffix
fastlylb.net.,suffix
fbcdn.net.,suffix
fbsbx.com.,suffix
fedoramagazine.org.,suffix
fedoraproject.org.,suffix
feedburner.com.,suffix
feedly.com.,suffix
fiber.google.com.,suffix
fig.bbc.co.uk.,suffix
figma.com.,suffix
filecr.com.,suffix
filehippo.com.,suffix
filehippo.net.,suffix
firebase.com.,suffix
firebase.google.com.,suffix
firebase.io.,suffix
fitgirl-repacks.site.,suffix
fiverr.com.,suffix
fiverrcdn.com.,suffix
flaticon.com.,suffix
flurry.com.,suffix
flutter-io.cn.,suffix
flutter.dev.,suffix
flutter.io.,suffix
fluttercrashcourse.com.,suffix
flutterlearn.com.,suffix
fodev.org.,suffix
followeran.com.,suffix
fontawesome.com.,suffix
footprint.net.,suffix
fortinet.com.,suffix
forum.sentry.io.,suffix
forums.cpanel.net.,suffix
franzinfra.com.,suffix
freecodecamp.org.,suffix
freedesktop.org.,suffix
freelancer.com.,suffix
freenas.org.,suffix
freenom.com.,suffix
freepik.com.,suffix
freepikcompany.com.,suffix
fsdn.com.,suffix
fuchsia.dev.,suffix
fullstory.com.,suffix
fusioncharts.com.,suffix
gallery.io.,suffix
gamekit.com.,suffix
gamepass.com.,suffix
gbudb.com.,suffix
gcore.com.,suffix
gcore.pro.,suffix
gcr.io.,suffix
geforce.com.,suffix
genymotion.com.,suffix
get.acme.sh.,suffix
getbootstrap.com.,suffix
getcaddy.com.,suffix
getcomposer.org.,suffix
getflywheel.com.,suffix
getliner.com.,suffix
gettyimages.com.,suffix
git.githubusercontent.com.,suffix
git.tookan.tech.,suffix
github-api-cache.unyson.io.,suffix
github.com.,suffix
github.io.,suffix
githubapp.com.,suffix
githubassets.com.,suffix
githubusercontent.com.,suffix
gitkraken.com.,suffix
gitlab-static.net.,suffix
gitlab.com.,suffix
gitlab.io.,suffix
gitlag.com.,suffix
gitpod.io.,suffix
glitch.com.,suffix
glitch.me.,suffix
gnome.org.,suffix
gns3.com.,suffix
go.com.,suffix
go.dev.,suffix
goanimate.com.,suffix
godbolt.org.,suffix
godoc.org.,suffix
goharbor.io.,suffix
golang.org.,suffix
google-analytics.com.,suffix
google.ai.,suffix
google.qualtrics.com.,suffix
googleadservices.com.,suffix
googleapis.com.,suffix
googlesource.com.,suffix
googletagmanager.com.,suffix
googletagservices.com.,suffix
googleusercontent.com.,suffix
gopkg.in.,suffix
grabcad.com.,suffix
gradle-dn.com.,suffix
gradle.org.,suffix
grafana.com.,suffix
grafana.net.,suffix
grafana.org.,suffix
grammarly.com.,suffix
graphicriver.net.,suffix
graphql.org.,suffix
gravatar.com.,suffix
gravityforms.com.,suffix
gravitykit.co.,suffix
gravitykit.com.,suffix
gravityview.co.,suffix
gravityview.com.,suffix
grow.google.,suffix
gstatic.com.,suffix
gtmetrix.com.,suffix
gurobi.com.,suffix
gvt1.com.,suffix
h-bid.com.,suffix
hackerrank.com.,suffix
hackthebox.eu.,suffix
hbogo.com.,suffix
hbonow.com.,suffix
he.net.,suffix
helm.sh.,suffix
heroku.com.,suffix
heroturko.net.,suffix
hetzner.cloud.,suffix
hetzner.com.,suffix
hetzner.company.,suffix
hetzner.de.,suffix
hex.pm.,suffix
highcharts.com.,suffix
hogash.com.,suffix
hol.vmware.com.,suffix
hostcontrol-backoffice.com.,suffix
hoster.kz.,suffix
hotjar.com.,suffix
hp.com.,suffix
hpe.com.,suffix
html5up.net.,suffix
huawei.com.,suffix
hubspot.com.,suffix
hugedomains.com.,suffix
huggingface.co.,suffix
hwcdn.net.,suffix
hyper.is.,suffix
i.stack.imgur.com.,suffix
i112.fastpic.ru.,suffix
i115.fastpic.ru.,suffix
i18next.com.,suffix
ibm.com.,suffix
id5-sync.com.,suffix
ieee.com.,suffix
ieee.org.,suffix
ifconfig.co.,suffix
igdb.com.,suffix
igg-games.com.,suffix
igodigital.com.,suffix
ilovepdf.com.,suffix
imagecurl.com.,suffix
imdb.com.,suffix
img.freepik.com.,suffix
imgix.net.,suffix
import.aheto.co.,suffix
incredibuild.com.,suffix
insomnia.rest.,suffix
instana.com.,suffix
intel.com.,suffix
intelephense.com.,suffix
intellij.net.,suffix
internetdownloadmanager.com.,suffix
invis.io.,suffix
invisionapp.com.,suffix
ionic-sepehr-test.firebaseiocom.,suffix
ip2location.com.,suffix
ipinfo.io.,suffix
ipwhois.app.,suffix
is.gd.,suffix
issuetracker.google.com.,suffix
itsfoss.com.,suffix
jaspersoft.com.,suffix
java.com.,suffix
java.net.,suffix
javacardos.com.,suffix
jenkins-ci.org.,suffix
jenkins.org.,suffix
jenkov.com.,suffix
jetbrains.com.,suffix
jetbrains.space.,suffix
jetpack.com.,suffix
jfrog.io.,suffix
jfrog.org.,suffix
jhipster.tech.,suffix
jitpack.io.,suffix
jitsi.org.,suffix
joker.com.,suffix
jquery.com.,suffix
js.intercomcdn.com.,suffix
js.org.,suffix
js.stripe.com.,suffix
jsdelivr.net.,suffix
justpaste.it.,suffix
jwplayer.com.,suffix
k8s.io.,suffix
kaggle.com.,suffix
kaggle.io.,suffix
kaggle.net.,suffix
kaggleusercontent.com.,suffix
khanacademy.org.,suffix
khronos.org.,suffix
kingcomposer.com.,suffix
kinsta.com.,suffix
kitbash3d.com.,suffix
kite.com.,suffix
kriesi.at.,suffix
krisp.ai.,suffix
kubernetes.io.,suffix
labix.org.,suffix
laravel.com.,suffix
launchdarkly.com.,suffix
launchpad.net.,suffix
leafletjs.com.,suffix
leagueoflegends.com.,suffix
leech.com.,suffix
lenovo.com.,suffix
lens.google.com.,suffix
level3.net.,suffix
lg.com.,suffix
lg.he.net.,suffix
lgappstv.com.,suffix
libraries.io.,suffix
licdn.com.,suffix
licensepal.com.,suffix
lightstep.com.,suffix
limetorrents.info.,suffix
limoo.host.,suffix
linode.com.,suffix
linuxquestions.org.,suffix
lit.dev.,suffix
live.com.,suffix
livefyre.com.,suffix
livepopulation.com.,suffix
llnwd.net.,suffix
logrocket.com.,suffix
lovefilm.com.,suffix
lq.eun1.lol.riotgames.com.,suffix
maas.io.,suffix
machinelearningmastery.com.,suffix
macromedia.com.,suffix
magestore.com.,suffix
mail.smtp2go.com.,suffix
mailchimp.com.,suffix
mailenable.com.,suffix
mailgun.com.,suffix
mandrillapp.com.,suffix
maps.google.com.,suffix
mariadb.com.,suffix
mariadb.org.,suffix
marketingplatform.google.com.,suffix
material.io.,suffix
mathworks.com.,suffix
matterport.com.,suffix
maven.google.com.,suffix
maven.org.,suffix
maxcdn.com.,suffix
maxmind.com.,suffix
mbed.com.,suffix
media-amazon.com.,suffix
media-imdb.com.,suffix
mediafire.com.,suffix
medium.com.,suffix
meetfranz.com.,suffix
memoryhackers.org.,suffix
mendeley.com.,suffix
metasploit.com.,suffix
mi.com.,suffix
microblink.com.,suffix
microchip.com.,suffix
micropyramid.com.,suffix
microsoft.com.,suffix
microsoftonline.com.,suffix
mihanwebhost.com.,suffix
min.io.,suffix
minio.io.,suffix
mintegral.com.,suffix
miro.com.,suffix
mirror.hoster.kz.,suffix
mit.edu.,suffix
miui.com.,suffix
mixer.com.,suffix
mktoresp.com.,suffix
ml-attr.com.,suffix
mmstat.com.,suffix
mog.com.,suffix
mongodb.com.,suffix
mongodb.org.,suffix
monsterinsights.com.,suffix
moz.com.,suffix
mozilla.net.,suffix
mozilla.org.,suffix
mvnrepository.com.,suffix
my-netdata.io.,suffix
mybridge.co.,suffix
myfonts.net.,suffix
myget.org.,suffix
mymavenrepo.com.,suffix
mysql.com.,suffix
nativescript.org.,suffix
nestjs.com.,suffix
netacad.com.,suffix
netbeans.org.,suffix
netdata.cloud.,suffix
netdevgroup.com.,suffix
newrelic.com.,suffix
nextjs.org.,suffix
nginx.com.,suffix
ngrok.com.,suffix
ngrok.io.,suffix
ni.com.,suffix
nintendo.com.,suffix
nintendo.net.,suffix
nip.io.,suffix
nirsoft.net.,suffix
noc1.wordfence.com.,suffix
noc2.wordfence.com.,suffix
noc3.wordfence.com.,suffix
noc4.wordfence.com.,suffix
nodejs.org.,suffix
nodesource.com.,suffix
nopixel.net.,suffix
nordcdn.com.,suffix
norton.com.,suffix
notifications.google.com.,suffix
notion.so.,suffix
nowpayments.io.,suffix
npmjs.org.,suffix
nr-data.net.,suffix
nuget.org.,suffix
nvcr.io.,suffix
nvidia.co.uk.,suffix
nvidia.com.,suffix
nvidia.fr.,suffix
nyaa.si.,suffix
oauth.rankmath.com.,suffix
oceanwp.org.,suffix
oddrun.ir.,suffix
ogslb.com.,suffix
ojrq.net.,suffix
olark.com.,suffix
omappapi.com.,suffix
omtrdc.net.,suffix
one.google.com.,suffix
onesignal.com.,suffix
onesignal.net.,suffix
onetrust.com.,suffix
onfastspring.com.,suffix
onpage.org.,suffix
open.live.bbc.co.uk.,suffix
openai.com.,suffix
openai.com.cdn.cloudflare.net.,suffix
opendev.org.,suffix
opennebula.io.,suffix
openreview.net.,suffix
opensea.io.,suffix
openshift.com.,suffix
openstreetmap.org.,suffix
openvpn.net.,suffix
openx.net.,suffix
optimize.google.com.,suffix
optimizely.com.,suffix
optus.com.au.,suffix
optusnet.com.au.,suffix
oracle.com.,suffix
origin.com.,suffix
oroinc.com.,suffix
overleaf.com.,suffix
oxy.host.,suffix
oxygenbuilder.com.,suffix
packagecloud.io.,suffix
packagesource.com.,suffix
packagist.com.,suffix
packagist.org.,suffix
packtpub.com.,suffix
pacloudflare.com.,suffix
paddle.com.,suffix
paessler.com.,suffix
pagespeed.web.dev.,suffix
pandora.com.,suffix
panel.yektanet.com.,suffix
paper-hub.com.,suffix
parsely.com.,suffix
pay.google.com.,suffix
payments.google.com.,suffix
paypal.com.,suffix
paypalobjects.com.,suffix
pbs.org.,suffix
pdf2go.com.,suffix
pendo.io.,suffix
pepipost.com.,suffix
percona.com.,suffix
perfectmoney.com.,suffix
perfectmoney.is.,suffix
phicdn.net.,suffix
photodune.net.,suffix
php.net.,suffix
pingdom.com.,suffix
pinimg.com.,suffix
pintrest.co.,suffix
pintrest.com.,suffix
pkg.dev.,suffix
planet.com.,suffix
platform9.com.,suffix
play.euw.leagueoflegends.com.,suffix
play.google.com.,suffix
playstation.com.,suffix
playstation.net.,suffix
playvig.com.,suffix
plesk.com.,suffix
plotly.com.,suffix
polymer-project.org.,suffix
postman.com.,suffix
powerpackelements.com.,suffix
prestashop.com.,suffix
prezi.com.,suffix
proandroiddev.com.,suffix
programiz.com.,suffix
pscdn.co.,suffix
psyonix.com.,suffix
pub.dev.,suffix
pubmatic.com.,suffix
pwc.ca.,suffix
pypa.io.,suffix
pypi.org.,suffix
python.org.,suffix
pythonhosted.org.,suffix
pytorch.org.,suffix
pytorchlightning.ai.,suffix
qobuz.com.,suffix
qt.io.,suffix
quad9.net.,suffix
qualtrics.com.,suffix
quay.io.,suffix
quic.cloud.,suffix
quicksilver.scdn.co.,suffix
quicksprout.com.,suffix
quillbot.com.,suffix
quilljs.com.,suffix
rabbitmq.com.,suffix
radiantthemes.com.,suffix
rankmath.com.,suffix
rapid7.com.,suffix
rapidapi.com.,suffix
rapidgator.net.,suffix
rapidtables.com.,suffix
rarbg.to.,suffix
ravenjs.com.,suffix
react-select.com.,suffix
reactjs.org.,suffix
reactnavigation.org.,suffix
reality.ai.,suffix
realm.io.,suffix
red.com.,suffix
reddit.com.,suffix
redditmedia.com.,suffix
redditstatic.com.,suffix
redhat.com.,suffix
redhat.io.,suffix
redis.com.,suffix
redis.io.,suffix
registry-1.docker.io.,suffix
registry.k8s.io.,suffix
registry.npmjs.org.,suffix
registry.terraform.io.,suffix
releases.hashicorp.com.,suffix
remove.bg.,suffix
repo.alt.cloudlinux.com.,suffix
repo.mysql.com.,suffix
repo.zabbix.com.,suffix
repository.kreaturamedia.com.,suffix
research.google.com.,suffix
respawn.com.,suffix
riotgames.com.,suffix
rj-mw1.com.,suffix
rl-psy.net.,suffix
rlcdn.com.,suffix
rocket.chat.,suffix
rocketcdn.me.,suffix
rocketleague.com.,suffix
rockstar.com.,suffix
rockstargames.com.,suffix
rover.ebay.com.,suffix
rstudio.com.,suffix
rtings.com.,suffix
rubiconproject.com.,suffix
ruby-doc.org.,suffix
rubygems.org.,suffix
rust-lang.org.,suffix
ryte.com.,suffix
s1-download.xyz.,suffix
s1-filecr.xyz.,suffix
s1.download-1.xyz.,suffix
s2-download.xyz.,suffix
s2.download-2.xyz.,suffix
s3.amazonaws.com.,suffix
s61.rapidgator.net.,suffix
sa.bbc.co.uk.,suffix
safaribooksonline.com.,suffix
salary.tax.gov.ir.,suffix
salesforce.com.,suffix
samacsys.com.,suffix
sanet.lc.,suffix
sanet.st.,suffix
savegyd.com.,suffix
sc-static.net.,suffix
scdn.co.,suffix
schema.org.,suffix
scribd.com.,suffix
seancroxton.com.,suffix
secretcdn-stg.net.,suffix
secure.adnxs.com.,suffix
securitytrails.com.,suffix
segment.com.,suffix
segment.io.,suffix
seleniumhq.org.,suffix
semrush.com.,suffix
sendgrid.com.,suffix
sentry-cdn.com.,suffix
sentry.i.,suffix
sentry.io.,suffix
seo-hacker.com.,suffix
seoab.io.,suffix
seopress.org.,suffix
seoptimer.com.,suffix
seoreviewtools.com.,suffix
serialport.io.,suffix
serverfault.com.,suffix
serverpilot.io.,suffix
services.google.com.,suffix
serving-sys.com.,suffix
setaptr.net.,suffix
shadowserver.org.,suffix
shareappscrack.com.,suffix
sharethrough.com.,suffix
sheerid.com.,suffix
sheetsformarketers.com.,suffix
sho.com.,suffix
shopify.com.,suffix
shortpixel.com.,suffix
similarweb.com.,suffix
simplemaps.com.,suffix
site.pro.,suffix
sitefinity.com.,suffix
siteground.com.,suffix
sitekit.withgoogle.com.,suffix
sites.google.com.,suffix
sitestream.net.,suffix
skype.com.,suffix
sl-reverse.com.,suffix
slack-edge.com.,suffix
slack.com.,suffix
slidesgo.com.,suffix
sling.com.,suffix
smallseotools.com.,suffix
smartadserver.com.,suffix
smartsheet.com.,suffix
smtp.pepipost.com.,suffix
snapchat.com.,suffix
socket.io.,suffix
softlayer.com.,suffix
softonic.com.,suffix
solarwinds.com.,suffix
sonatype.org.,suffix
songbay.co.,suffix
sorbs.net.,suffix
soundcloud.com.,suffix
sourceforge.net.,suffix
southpark.cc.com.,suffix
sparkjava.com.,suffix
speedcurve.com.,suffix
speedtest.tele2.net.,suffix
spiceworks.com.,suffix
spike.com.,suffix
split.io.,suffix
splunk.com.,suffix
spoti.fi.,suffix
spotify.co.,suffix
spotify.com.,suffix
spotifycdn.com.,suffix
spotilocal.com.,suffix
spring.io.,suffix
srip.net.,suffix
sslshopper.com.,suffix
sstatic.net.,suffix
stackexchange.com.,suffix
stackoverflow.com.,suffix
stackshare.io.,suffix
statsy.net.,suffix
statuspage.io.,suffix
steamcommunity.com.,suffix
steampowered.com.,suffix
steamunlocked.net.,suffix
storage.cloud.google.com.,suffix
storage.googleapis.com.,suffix
store.steampowered.com.,suffix
stripe.com.,suffix
stripe.network.,suffix
sun.com.,suffix
superuser.com.,suffix
surveys.google.com.,suffix
swaggerhub.com.,suffix
swift.org.,suffix
symfony.com.,suffix
t.co.,suffix
t.me.,suffix
tabnine.com.,suffix
tagmanager.google.com.,suffix
tartecosmetics.com.,suffix
tax.gov.ir.,suffix
tcx-live-chat.appspot.com.,suffix
teamspeak.co.,suffix
teamtreehouse.com.,suffix
teamviewer.com.,suffix
techspot.com.,suffix
techtarget.com.,suffix
tecmint.com.,suffix
telerik.com.,suffix
templatemag.com.,suffix
tensorflow.org.,suffix
terraform.io.,suffix
terrytao.wordpress.com.,suffix
theme-fusion.com.,suffix
themeforest.net.,suffix
themepixels.me.,suffix
themes.whiteboxstud.i.,suffix
themoviedb.org.,suffix
theplatform.com.,suffix
thimpress.com.,suffix
thinkwithgoogle.com.,suffix
ti.com.,suffix
tielabs.com.,suffix
tiktok.com.,suffix
time.google.com.,suffix
timedoctor.com.,suffix
tinify.com.,suffix
tinkerbell.org.,suffix
tinyjpg.com.,suffix
tinypng.com.,suffix
tinyurl.com.,suffix
tiqcdn.com.,suffix
tmdb.org.,suffix
toggl.com.,suffix
tomtom.com.,suffix
tookan.tech.,suffix
torlock.cc.,suffix
torproject.org.,suffix
torrentz2.eu.,suffix
totalbattle.com.,suffix
towardsdatascience.com.,suffix
trafficjunky.com.,suffix
travis-ci.com.,suffix
travis-ci.org.,suffix
traviscistatus.com.,suffix
trello.com.,suffix
trellocdn.com.,suffix
trueos.org.,suffix
truste.com.,suffix
ts.nopixel.net.,suffix
turner.com.,suffix
tv-static.net.,suffix
tvcdn.de.,suffix
twilio.com.,suffix
twimg.com.,suffix
twitch.tv.,suffix
twitter.com.,suffix
typekit.com.,suffix
typoci.com.,suffix
ubi.com.,suffix
ubisoft.com.,suffix
ubuntu.com.,suffix
uceprotect.net.,suffix
udemy.com.,suffix
udemycdn-a.com.,suffix
udemycdn.com.,suffix
uigradients.com.,suffix
unitedover.com.,suffix
unity.com.,suffix
unity3d.com.,suffix
unlimited-elements.com.,suffix
unlocked-games.com.,suffix
unpkg.com.,suffix
unrealengine.com.,suffix
unsplash.com.,suffix
upcloud.host.,suffix
update.site.pro.,suffix
updates.theme-fusion.com.,suffix
uplynk.com.,suffix
upwork.com.,suffix
usertesting.com.,suffix
uxcam.com.,suffix
vagrantup.com.,suffix
via.placeholder.com.,suffix
victoriametrics.com.,suffix
videohive.net.,suffix
videolan.org.,suffix
virtualbox.org.,suffix
virtualmin.com.,suffix
visualping.io.,suffix
visualstudio.com.,suffix
visualwebsiteoptimizer.com.,suffix
vmcdn.com.,suffix
vmware.com.,suffix
vudu.com.,suffix
vuejs.org.,suffix
vuetifyjs.com.,suffix
vuforia.com.,suffix
vultr.com.,suffix
vyos.io.,suffix
wakatime.com.,suffix
wallpaperget.com.,suffix
wandb.ai.,suffix
warframe.com.,suffix
waze.com.,suffix
wd.com.,suffix
wdc.com.,suffix
wdtvlive.com.,suffix
web.dev.,suffix
webcatalog.app.,suffix
webcatalog.io.,suffix
webdesign.org.,suffix
webmin.com.,suffix
webnus.net.,suffix
websitedemos.net.,suffix
websiteforstudents.com.,suffix
whmcsglobalservices.com.,suffix
widget.intercom.io.,suffix
wikia.com.,suffix
windows.com.,suffix
withgoogle.com.,suffix
woocommerce.com.,suffix
woosignal.com.,suffix
wordfence.com.,suffix
wordtune.com.,suffix
wp-rocket.me.,suffix
wpall.club.,suffix
wpastra.com.,suffix
wpbakery.com.,suffix
wpdeveloper.com.,suffix
wpmet.com.,suffix
wpml.org.,suffix
wpmudev.com.,suffix
wpmudev.org.,suffix
wpsheeteditor.com.,suffix
wrappixel.com.,suffix
wtfismyip.com.,suffix
wupdates.com.,suffix
www.bbc.co.uk.,suffix
xbox.com.,suffix
xboxab.com.,suffix
xboxab.net.,suffix
xboxlive.com.,suffix
xboxservices.com.,suffix
xero.com.,suffix
xiaomi.com.,suffix
xilinx.com.,suffix
xip.io.,suffix
xkcd.com.,suffix
yajrabox.com.,suffix
yandex.com.,suffix
yarnpkg.com.,suffix
yithemes.com.,suffix
yoast.com.,suffix
yougetsignal.com.,suffix
zeit.co.,suffix
zend.com.,suffix
zendesk.com.,suffix
zeplin.io.,suffix
zestyio.com.,suffix
zoho.com.,suffix
zoom.us.,suffix
